,border pixels (%),total pixels (%)
2,99.85528219971056,24.340823249212114
